{
    "gini_coefficient": 0.2622243723455053,
    "top_10_clusters_share": 0.21629377131877697,
    "num_clusters": 100
}