{"hit_rate_0.85": 0.6853972013861473, "mean_sim": 0.8786132335662842}